{
  "project_info": {
    "project_number": "455220456530",
    "project_id": "union-eb6c0",
    "storage_bucket": "union-eb6c0.appspot.com"
  },
  "client": [
    {
      "client_info": {
        "mobilesdk_app_id": "1:455220456530:android:42996071dff699a11dc38b",
        "android_client_info": {
          "package_name": "com.tokhirzhon.uniontv"
        }
      },
      "oauth_client": [
        {
          "client_id": "455220456530-mcscdl6iofr0bng62op41d9v9prpffla.apps.googleusercontent.com",
          "client_type": 3
        }
      ],
      "api_key": [
        {
          "current_key": "AIzaSyCX64qA1ODDTWxwdVKub0maSIq-UUjcXK4"
        }
      ],
      "services": {
        "appinvite_service": {
          "other_platform_oauth_client": [
            {
              "client_id": "455220456530-mcscdl6iofr0bng62op41d9v9prpffla.apps.googleusercontent.com",
              "client_type": 3
            }
          ]
        }
      }
    }
  ],
  "configuration_version": "1"
}